{
    "dice_score": 0.7323163449764252,
    "iou_score": 0.585003811120987,
    "recall": 0.6888702869415283,
    "precision": 0.8042220115661621,
    "global_accuracy": 0.9579335510730743,
    "auc_roc": 0.9093647623223944
}