{
    "dice_score": 0.6847724795341492,
    "iou_score": 0.5226972699165344,
    "recall": 0.6888426184654236,
    "precision": 0.6833953738212586,
    "global_accuracy": 0.9463464498519898,
    "auc_roc": 0.8822844719917861
}