{
    "dice_score": 0.7065121233463287,
    "iou_score": 0.5521148324012757,
    "recall": 0.6911443084478378,
    "precision": 0.7423412144184113,
    "global_accuracy": 0.9524225890636444,
    "auc_roc": 0.9121551656722282
}