{
    "train_loss": [
        0.84853542704101,
        0.7726475251924008,
        0.7534849185462392,
        0.738979732005968,
        0.7230648695875745,
        0.7094789424073805,
        0.6979859554439509,
        0.7000444477851238,
        0.6840266840173563,
        0.6722289509729508,
        0.6780483752215675,
        0.6608494233647618,
        0.6528375166271805,
        0.6460642974311058,
        0.6341436569843817,
        0.6433553157596413,
        0.620709482245489,
        0.6139941294258887,
        0.6060984135767735,
        0.5943980634759326
    ],
    "val_loss": [
        0.8697806688455435,
        0.7801295748123755,
        0.8172899515200884,
        0.7286860606609247,
        0.7071980023995424,
        0.7113188199507885,
        0.7208501711869851,
        0.7032129672857431,
        0.6910853538757715,
        0.6918799449235965,
        0.6682974558610183,
        0.6761906147003174,
        0.6697580111332428,
        0.665843801620679,
        0.6488410754081531,
        0.6741228546851721,
        0.6542355785003076,
        0.6502244533636631,
        0.6504193101173792,
        0.6275624541135935
    ],
    "train_dice_score": [
        0.2940790127548907,
        0.5652737617492676,
        0.5572818103763792,
        0.5519051568375694,
        0.6420107815000746,
        0.6405091053909726,
        0.6761733798517121,
        0.6699068579408858,
        0.7199569609430101,
        0.7315809230009714,
        0.6532467438115014,
        0.7061871323320601,
        0.754487113820182,
        0.7671696742375692,
        0.7772408458921645,
        0.6834987704124715,
        0.7793125708897909,
        0.7599439587857988,
        0.7871135556035571,
        0.8283223642243279
    ],
    "val_dice_score": [
        0.0,
        0.42824322581291197,
        0.3278428792953491,
        0.5535757780075073,
        0.6433204293251038,
        0.5821960747241974,
        0.5620570540428161,
        0.6328774452209472,
        0.6595689296722412,
        0.5819507479667664,
        0.6720657467842102,
        0.6422667860984802,
        0.6405660033226013,
        0.6206646203994751,
        0.6749222755432129,
        0.5583338975906372,
        0.6562572360038758,
        0.6221589207649231,
        0.6417401790618896,
        0.6847724795341492
    ],
    "train_iou_score": [
        0.18198710617919764,
        0.3991590076022678,
        0.39350775132576626,
        0.39365919596619076,
        0.47981077432632446,
        0.4903026885456509,
        0.5229310832089848,
        0.5130201694038179,
        0.5663229558202956,
        0.5836309674713347,
        0.5050922367307875,
        0.5697888433933258,
        0.6118518511454264,
        0.6279240565167533,
        0.6394258406427171,
        0.5427996946705712,
        0.6477320326699151,
        0.6368318786844611,
        0.657081252998776,
        0.7098948227034675
    ],
    "val_iou_score": [
        0.0,
        0.27333571314811705,
        0.19743662178516388,
        0.38356289863586424,
        0.4765740096569061,
        0.41248385310173036,
        0.3934831738471985,
        0.4684298813343048,
        0.492865651845932,
        0.4112104713916779,
        0.5083895444869995,
        0.47439424991607665,
        0.4731022119522095,
        0.4522249162197113,
        0.5118840336799622,
        0.3885871350765228,
        0.48977210521698,
        0.45385061502456664,
        0.47417224049568174,
        0.5226972699165344
    ],
    "train_recall": [
        0.5007804334163666,
        0.7472321391105652,
        0.7612263941102557,
        0.7528072363800473,
        0.8138756222195096,
        0.7949669890933566,
        0.8647149470117357,
        0.8289605610900455,
        0.8584612641069624,
        0.8677215443717109,
        0.7920824786027273,
        0.8286543488502502,
        0.8729547063509623,
        0.8804598848025004,
        0.8873917228645749,
        0.8818176752991147,
        0.9018168217606015,
        0.855315576824877,
        0.9143155846330855,
        0.9122864339086745
    ],
    "val_recall": [
        0.0,
        0.7972491621971131,
        0.9426835656166077,
        0.742351520061493,
        0.7424024343490601,
        0.74119873046875,
        0.5941415190696716,
        0.5852052450180054,
        0.6345673203468323,
        0.7863741755485535,
        0.743294358253479,
        0.6515184760093689,
        0.7165850520133972,
        0.8010764122009277,
        0.7256740689277649,
        0.7973412275314331,
        0.5812613844871521,
        0.7083333373069763,
        0.6076319098472596,
        0.6888426184654236
    ],
    "train_precision": [
        0.2151598168743981,
        0.4759521749284532,
        0.4632483406199349,
        0.44374414450592464,
        0.5472461995151308,
        0.5482412146197425,
        0.580251338167323,
        0.5767660074763827,
        0.6255290508270264,
        0.6401269237200419,
        0.5638632807466719,
        0.6247086392508613,
        0.6751195556587644,
        0.6862008836534288,
        0.7094163331720564,
        0.5934124771091673,
        0.7023739069700241,
        0.6941222660243511,
        0.7065542836983999,
        0.7648677859041426
    ],
    "val_precision": [
        0.0,
        0.294142472743988,
        0.19986133873462678,
        0.4435295581817627,
        0.5690303444862366,
        0.4804870247840881,
        0.5385565280914306,
        0.6902674913406373,
        0.6875238418579102,
        0.4636522889137268,
        0.6149705052375793,
        0.6343703627586365,
        0.5801464557647705,
        0.5094244658946991,
        0.6319777846336365,
        0.43099403381347656,
        0.7567197322845459,
        0.5553485095500946,
        0.6820621013641357,
        0.6833953738212586
    ],
    "train_global_accuracy": [
        0.8136498133341471,
        0.910822868347168,
        0.9055649439493815,
        0.9171575970119901,
        0.9398934046427408,
        0.9372804429796007,
        0.944861200120714,
        0.9444410536024306,
        0.9536972045898438,
        0.9564121034410265,
        0.9392726686265733,
        0.9539346694946289,
        0.9606524573432075,
        0.9628661473592123,
        0.9598514768812392,
        0.9514110353257921,
        0.9646306567721896,
        0.9621859656439887,
        0.9671174155341254,
        0.9740812513563368
    ],
    "val_global_accuracy": [
        0.9145138382911682,
        0.8194250941276551,
        0.6683002471923828,
        0.8988052368164062,
        0.9307904362678527,
        0.910013747215271,
        0.9225058436393738,
        0.9439207911491394,
        0.9442823171615601,
        0.9047205805778503,
        0.9390742182731628,
        0.9379334568977356,
        0.9320701599121094,
        0.9176306009292603,
        0.9413320302963257,
        0.8931213974952698,
        0.9479427337646484,
        0.926778519153595,
        0.9416720271110535,
        0.9463464498519898
    ],
    "train_auc_roc": [
        0.7218197994009371,
        0.8894828540916122,
        0.8900925203380079,
        0.8958239541600675,
        0.9296181267266684,
        0.9201385887259913,
        0.9518199654235213,
        0.9424407422526014,
        0.9506122098888476,
        0.9516292938633142,
        0.9165572181098811,
        0.9342122153524718,
        0.9534791628208917,
        0.9636942343636782,
        0.9647517257507334,
        0.9570666408134164,
        0.9721172742396862,
        0.9315766408986881,
        0.9725672208010678,
        0.9748502727219202
    ],