{
    "train_loss": [
        0.6865564079459654,
        0.49444872042454713,
        0.4507369113624643,
        0.4327066168872588,
        0.42305783208357084,
        0.4123534373733975,
        0.4017456356538545,
        0.39420373155436383,
        0.38790019236573386,
        0.37516334155283937,
        0.3668712262713581,
        0.36350103332362044,
        0.34715083979685374,
        0.33357775145714436,
        0.32439079678386723,
        0.31204535392446253,
        0.30682688442938916,
        0.29609988074783883,
        0.2872040527129392,
        0.2790699140194359,
        0.274697597858009,
        0.27163099405962393,
        0.26480348307058355,
        0.25113441014508586,
        0.25558530805854623
    ],
    "val_loss": [
        0.6886924444100796,
        0.4911367740386572,
        0.6724300353955,
        0.44603491670046097,
        0.4364787424222017,
        0.4288061490425697,
        0.4046897467894432,
        0.41093940765429765,
        0.39567822829270977,
        0.37881596501056963,
        0.4020728262571188,
        0.34481665644890225,
        0.33902404323602336,
        0.32626487352909184,
        0.3148150902528029,
        0.32002293070157367,
        0.30034690101941425,
        0.30711565873561764,
        0.3000454230186267,
        0.31828384521680003,
        0.3060631522765526,
        0.2916787480696654,
        0.3137497244737087,
        0.2633973803275671,
        0.2684039519383357
    ],
    "train_dice_score": [
        0.12609322006917661,
        0.13841532046596208,
        0.12492447201576498,
        0.12243117847541742,
        0.1255953082193931,
        0.12999161084493002,
        0.12494667991995811,
        0.14150646908415687,
        0.12448137708836132,
        0.12342177041869874,
        0.1253636498004198,
        0.1376877845161491,
        0.13369873414436975,
        0.14332403242588043,
        0.15337084357937178,
        0.14329190909241638,
        0.14364414393073982,
        0.1446203159996205,
        0.1433663749049127,
        0.14615455704430738,
        0.14435202297400496,
        0.1428465713850326,
        0.14428744051356135,
        0.1681841578748491,
        0.15318115345305866
    ],
    "val_dice_score": [
        0.15492214411497116,
        0.1455579251050949,
        0.1444060832262039,
        0.1480271726846695,
        0.14879442602396012,
        0.15035553574562072,
        0.14879633188247682,
        0.1476574420928955,
        0.15014256834983825,
        0.15056947618722916,
        0.15221994817256929,
        0.14997271299362183,
        0.15433619767427445,
        0.15741907060146332,
        0.16804932951927185,
        0.1628553718328476,
        0.1633258581161499,
        0.1650438904762268,
        0.16989093124866486,
        0.17571226954460145,
        0.17279943227767944,
        0.17078118324279784,
        0.18059954941272735,
        0.1719786047935486,
        0.17405645549297333
    ],
    "train_iou_score": [
        0.06760314448426168,
        0.07499664773543675,
        0.06693741741279761,
        0.0655598845332861,
        0.0672230650153425,
        0.0696388849367698,
        0.06691416404727432,
        0.0772000818202893,
        0.06669160506377618,
        0.06615889424251185,
        0.06720746712138255,
        0.07440499775111675,
        0.07182672247290611,
        0.07735922249654929,
        0.08367666064037217,
        0.07762063705983262,
        0.07763700435558955,
        0.07841765678798159,
        0.07767253576053514,
        0.07938059698790312,
        0.07832087307340568,
        0.07748520576084654,
        0.07836694415244791,
        0.09302613387505214,
        0.08329071808192465
    ],
    "val_iou_score": [
        0.08413123041391372,
        0.07860842198133469,
        0.07791446298360824,
        0.0800508588552475,
        0.08049768209457397,
        0.08141202926635742,
        0.08050008714199067,
        0.07983300685882569,
        0.08128815591335296,
        0.08153282701969147,
        0.08249654322862625,
        0.08118594139814377,
        0.08375067859888077,
        0.0855652466416359,
        0.09190336614847183,
        0.08879453837871551,
        0.08908177465200424,
        0.09011919349431992,
        0.09301415979862213,
        0.09648993760347366,
        0.09471968412399293,
        0.09355831444263459,
        0.09943416565656663,
        0.09424971044063568,
        0.09550951272249222
    ],
    "train_recall": [
        0.6180777152379354,
        0.5209735698170133,
        0.5298337307241228,
        0.48760198884540135,
        0.5172706113921272,
        0.5192576911714342,
        0.5188975731531779,
        0.520570245054033,
        0.5285178224245707,
        0.4923682477739122,
        0.5247101783752441,
        0.5240326358212365,
        0.5511172711849213,
        0.5811334484153323,
        0.5882602797614204,
        0.6198616027832031,
        0.6116737789577908,
        0.6247496869828966,
        0.5807315707206726,
        0.6327362457911173,
        0.588190539015664,
        0.6171348724100325,
        0.5880186723338233,
        0.632147815492418,
        0.6377170582612356
    ],
    "val_recall": [
        0.6220308780670166,
        0.5000024437904358,
        0.5282128334045411,
        0.509249496459961,
        0.5120906829833984,
        0.5186129093170166,
        0.5120302319526673,
        0.5078139066696167,
        0.517578661441803,
        0.519155991077423,
        0.5267399907112121,
        0.5166352272033692,
        0.5335126876831054,
        0.5451208472251892,
        0.587563693523407,
        0.5667431950569153,
        0.5677358627319335,
        0.5745241641998291,
        0.5938812613487243,
        0.6239637494087219,
        0.6130431771278382,
        0.598256242275238,
        0.650371253490448,
        0.6014537930488586,
        0.6102806925773621
    ],
    "train_precision": [
        0.0709868563959996,
        0.0815366440349155,
        0.07171103078871965,
        0.07025586089326276,
        0.0720142734547456,
        0.07461845729913977,
        0.07167982558409373,
        0.08482343889772892,
        0.07147726085450914,
        0.0708782799128029,
        0.07205281189332406,
        0.08053289850552876,
        0.07660353701147768,
        0.08216658958958255,
        0.08942676149308681,
        0.08195181066791217,
        0.08200026727798912,
        0.08283893474274212,
        0.08196577015850279,
        0.0837538920653363,
        0.0826546758827236,
        0.08202327177342442,
        0.0827388966249095,
        0.09990739905171925,
        0.08776439229647319
    ],
    "val_precision": [
        0.08874142020940781,
        0.08547630906105042,
        0.08392315655946732,
        0.08690226823091507,
        0.08734618872404099,
        0.0882270723581314,
        0.08734901398420333,
        0.08668987601995468,
        0.08811192363500595,
        0.08836014568805695,
        0.0892748549580574,
        0.08802324384450913,
        0.09052679389715194,
        0.09230711758136749,
        0.09837177991867066,
        0.09541143476963043,
        0.09570314437150955,
        0.09667964726686477,
        0.09944894313812255,
        0.10258884578943253,
        0.1009085938334465,
        0.09993093609809875,
        0.1052016407251358,
        0.10067072212696075,
        0.10183538198471069
    ],
    "train_global_accuracy": [
        0.0,
        0.0,
        0.0,
        0.0,
        0.0,
        0.0,
        0.0,
        0.0,
        0.0,
        0.0,
        0.0,
        0.0,
        0.0,
        0.0,
        0.0,
        0.0,
        0.0,
        0.0,
        0.0,
        0.0,
        0.0,
        0.0,
        0.0,
        0.0,
        0.0
    ],