{
    "train_loss": [
        0.4367644230706976,
        0.34206793614483755,
        0.29006857325177676,
        0.27618441166134056,
        0.25644181452759907,
        0.2513385779813889,
        0.23475467261918095,
        0.23084691319990597,
        0.22641852678508934,
        0.21699529437843812,
        0.20720600360030428,
        0.20171288180788724,
        0.20218535642558283,
        0.19189840631747465,
        0.19715406211144335,
        0.18319866761155085,
        0.19203874742219207,
        0.17842215089076155,
        0.184194528345668,
        0.16928552613345854,
        0.1645634080291888,
        0.1597983169446298,
        0.16449364211854584,
        0.15169496109726233,
        0.1582721767075565
    ],
    "val_loss": [
        0.5400467866506332,
        0.46317484745612514,
        0.373914972329751,
        0.6078908963081164,
        0.2719733722698994,
        0.26617161814983076,
        0.32329932695780045,
        0.27641372038767886,
        0.2963276108105977,
        0.2314126885090119,
        0.22819366057713827,
        0.2511384594134795,
        0.25639707767046416,
        0.21432145398396713,
        0.3075775641661424,
        0.22267578274775773,
        0.2621270968363835,
        0.19975816286527193,
        0.1993573315632649,
        0.19835845629374185,
        0.200907330482434,
        0.20863380302221346,
        0.19977871385904458,
        0.19162215712742928,
        0.22941445922240233
    ]
}