{
    "train_loss": [
        0.8967967564906549
    ],
    "val_loss": [
        0.892020936195667
    ],
    "train_dice_score": [
        0.15617010701033804
    ],
    "val_dice_score": [
        0.18807517290115355
    ],
    "train_iou_score": [
        0.08531978126201364
    ],
    "val_iou_score": [
        0.1042692556977272
    ],
    "train_recall": [
        0.5207054449452294
    ],
    "val_recall": [
        0.6789529681205749
    ],
    "train_precision": [
        0.09277516975998878
    ],
    "val_precision": [
        0.10951105654239654
    ],
    "train_global_accuracy": [
        0.5744146770901151
    ],
    "val_global_accuracy": [
        0.49635794162750246
    ],
    "train_auc_roc": [
        0.5713869160448686
    ],
    "val_auc_roc": [
        0.6030646561110371
    ]
}