{
    "train_loss": [
        0.6169826234152558,
        0.5732326307427993,
        0.5188679182748183,
        0.45597576838020887,
        0.4121281010295273,
        0.37801557888678455,
        0.35874899822637574,
        0.3455727404410686,
        0.33613566739843526,
        0.32256893816344234
    ],
    "val_loss": [
        0.6596098098999414,
        0.5357391956524972,
        0.4643078729128226,
        0.39731059471766156,
        0.3763961654443007,
        0.3498383378371214,
        0.39705976308920443,
        0.3267430686033689,
        0.3401301969320346,
        0.3136436816973564
    ],
    "train_dice_score": [
        0.72867308722602,
        0.8340578079223633,
        0.9047893948025174,
        0.9254012637668185,
        0.9292430877685547,
        0.9339366488986545,
        0.9345770941840278,
        0.9368239508734809,
        0.9407661226060655,
        0.9428917566935221
    ],
    "val_dice_score": [
        0.9100777745246887,
        0.9142512202262878,
        0.9016276240348816,
        0.9126110672950745,
        0.9225149989128113,
        0.9265568375587463,
        0.9025190591812133,
        0.9359465479850769,
        0.921381163597107,
        0.9329470515251159
    ],
    "train_iou_score": [
        0.05786891095340252,
        0.05232294504013327,
        0.028299401772932872,
        0.02053830858009557,
        0.10187522451289827,
        0.2238075364794996,
        0.2980816339453061,
        0.31281430770953494,
        0.353397140900294,
        0.3619474627905422
    ],
    "val_iou_score": [
        0.001868034852668643,
        0.0007184499700088054,
        0.0062568292603828015,
        0.12412769347429276,
        0.17205952107906342,
        0.3202172815799713,
        0.33825513124465945,
        0.3350809574127197,
        0.35966219902038576,
        0.40508670806884767
    ],
    "train_recall": [
        0.24476426343123117,
        0.12500316173666054,
        0.03996545604119698,
        0.022695976464698713,
        0.11257768256796731,
        0.26856049791806275,
        0.42373664842711556,
        12699517379470.633,
        0.4827309019035763,
        0.49948429895771873
    ],
    "val_recall": [
        0.0019725240534171464,
        0.0007214679440949112,
        0.007488256227225066,
        0.14500489234924316,
        0.18794144690036774,
        0.40739887952804565,
        0.5847100496292115,
        0.38036956787109377,
        0.51897332072258,
        0.5376475751399994
    ],
    "train_precision": [
        0.07139906121624841,
        0.09374637922479047,
        0.10464068171050814,
        0.17539943382143974,
        0.5145654752850533,
        0.5761393254829777,
        0.542105656531122,
        0.5758325060208639,
        0.6069070481591754,
        0.6030070839656724
    ],
    "val_precision": [
        0.034718002378940585,
        0.15191609412431717,
        0.03799822740256786,
        0.48321818113327025,
        0.6849986791610718,
        0.58905788064003,
        0.44294700026512146,
        0.7304660081863403,
        0.5376521289348603,
        0.6183980107307434
    ],
    "train_global_accuracy": [
        0.72867308722602,
        0.8340578079223633,
        0.9047893948025174,
        0.9254012637668185,
        0.9292430877685547,
        0.9339366488986545,
        0.9345770941840278,
        0.9368239508734809,
        0.9407661226060655,
        0.9428917566935221
    ],
    "val_global_accuracy": [
        0.9100777745246887,
        0.9142512202262878,
        0.9016276240348816,
        0.9126110672950745,
        0.9225149989128113,
        0.9265568375587463,
        0.9025190591812133,
        0.9359465479850769,
        0.921381163597107,
        0.9329470515251159
    ],
    "train_auc_roc": [
        0.5276915722869545,
        0.5445430238037681,
        0.5826977782073863,
        NaN,
        0.7208192534818105,
        0.7748176111040078,
        0.8074299779875793,
        NaN,
        0.8172744018013177,
        0.8258414802711356
    ],
    "val_auc_roc": [
        0.5728105273420893,
        0.575735675922802,
        0.5732786843511228,
        0.7090424955231093,
        0.716785412968035,
        0.8008186251472257,
        0.8389098919697148,
        0.7893211150385089,
        0.835200959261879,
        0.850999189714855
    ]
}