{
    "train_loss": [
        0.710540759891545,
        0.5764126846549708,
        0.536888711277498,
        0.5143416918745828,
        0.5076690441971525,
        0.48995264385818343,
        0.46647541479233207,
        0.4641310516847383,
        0.4510026102219153,
        0.42649691881389795
    ],
    "val_loss": [
        0.6411295288648361,
        0.555655150841444,
        0.527644374431708,
        0.5364056176100022,
        0.5917486410874587,
        0.48493918088766247,
        0.4735545943944882,
        0.5478035119863657,
        0.459483496653728,
        0.4261431075059451
    ],
    "train_dice_score": [
        0.3721519208380154,
        0.607928877217429,
        0.6369643796767507,
        0.6469630079610007,
        0.6406224046434675,
        0.6645948163100651,
        0.6921090466635568,
        0.6794279166630336,
        0.684858866248812,
        0.7183136079992567
    ],
    "val_dice_score": [
        0.16002295799553395,
        0.5820284903049469,
        0.5930770188570023,
        0.5194711595773697,
        0.517833611369133,
        0.6191828131675721,
        0.6327598333358765,
        0.5282252311706543,
        0.6823265135288239,
        0.7065121233463287
    ],
    "train_iou_score": [
        0.24845416929040637,
        0.4487074162278857,
        0.4772846479501043,
        0.4964685367686408,
        0.4810287309544427,
        0.504676661321095,
        0.538642179114478,
        0.5240891746112278,
        0.5312647776944297,
        0.5690102892262595
    ],
    "val_iou_score": [
        0.08933872487396002,
        0.41558643877506257,
        0.42833285927772524,
        0.35515996217727663,
        0.35224577486515046,
        0.45428758561611177,
        0.46597172021865846,
        0.36077321171760557,
        0.5270997434854507,
        0.5521148324012757
    ],
    "train_recall": [
        0.6909445302827018,
        0.6121402953352247,
        0.6505237968904631,
        0.6991693845817021,
        0.7117293391908918,
        0.7181963818413871,
        0.7749121682984489,
        0.7568301950182234,
        0.760441141469138,
        0.7917636522224971
    ],
    "val_recall": [
        0.09288682593032718,
        0.6212057739496231,
        0.5135163575410843,
        0.4085142582654953,
        0.8501497805118561,
        0.577508807182312,
        0.630656635761261,
        0.815093582868576,
        0.6389115065336227,
        0.6911443084478378
    ],
    "train_precision": [
        0.3038286280419145,
        0.6213117599487304,
        0.6468442833849362,
        0.6186759727341788,
        0.6181744345596858,
        0.6471568635531835,
        0.6411741622856685,
        0.639492609671184,
        0.6376118072441646,
        0.6860499356474196
    ],
    "val_precision": [
        0.7195973578840494,
        0.5590758204460144,
        0.7322829902172089,
        0.7368074417114258,
        0.38104373812675474,
        0.6919475555419922,
        0.6574492752552032,
        0.3959303617477417,
        0.7562500476837158,
        0.7423412144184113
    ],
    "train_global_accuracy": [
        0.7462125505719867,
        0.9437844412667411,
        0.9488926478794643,
        0.9479640415736608,
        0.9466873168945312,
        0.9416673932756696,
        0.9516954694475447,
        0.9508209228515625,
        0.951340811593192,
        0.9541040693010603
    ],
    "val_global_accuracy": [
        0.9197469055652618,
        0.9263417541980743,
        0.9421906769275665,
        0.9369317352771759,
        0.8702735900878906,
        0.9413595855236053,
        0.9398820221424102,
        0.8806373596191406,
        0.950201416015625,
        0.9524225890636444
    ],
    "train_auc_roc": [
        0.7802665599573643,
        0.8453888919132314,
        0.8743018951201985,
        0.8987508794060435,
        0.9118126164842465,
        0.9103491189890577,
        0.9239100629287843,
        0.9256016370514727,
        0.9297372029134052,
        0.9406934095756071
    ],
    "val_auc_roc": [
        0.6344190863530764,
        0.8681918119029579,
        0.8696364996637991,
        0.8610479904025032,
        0.9230746801022862,
        0.8750147839428821,
        0.9113514179438689,
        0.9195142140477488,
        0.8923876534584784,
        0.9121551656722282
    ]
}